{"cameraMode":{"drawMode":0,"name":"Shaded","section":"Shading Mode"},"sceneLighting":true,"audioPlay":false,"sceneViewState":{"showFog":true,"showMaterialUpdate":true,"showSkybox":true,"showFlares":true,"showImageEffects":true,"showParticleSystems":true},"in2DMode":false,"pivot":{"x":-892.2496337890625,"y":30.48200225830078,"z":562.655517578125},"rotation":{"x":-0.20724932849407197,"y":0.6465368866920471,"z":-0.18830014765262605,"w":-0.7096894979476929},"size":6.607396125793457,"orthographic":false}