{"cameraMode":{"drawMode":0,"name":"Shaded","section":"Shading Mode"},"sceneLighting":false,"audioPlay":false,"sceneViewState":{"showFog":true,"showMaterialUpdate":false,"showSkybox":false,"showFlares":true,"showImageEffects":true,"showParticleSystems":true},"in2DMode":false,"pivot":{"x":-840.1986083984375,"y":-7.215485572814941,"z":866.7054443359375},"rotation":{"x":0.4238409698009491,"y":0.0016581322997808457,"z":-0.0007941325311549008,"w":0.9056944847106934},"size":105.83406066894531,"orthographic":false}