{"cameraMode":{"drawMode":0,"name":"Shaded","section":"Shading Mode"},"sceneLighting":false,"audioPlay":false,"sceneViewState":{"showFog":true,"showMaterialUpdate":false,"showSkybox":false,"showFlares":true,"showImageEffects":true,"showParticleSystems":true},"in2DMode":false,"pivot":{"x":0.0,"y":12.42120361328125,"z":-0.000001430511474609375},"rotation":{"x":-0.3355879783630371,"y":-0.1552502065896988,"z":0.05591374263167381,"w":-0.9275672435760498},"size":15.14373779296875,"orthographic":false}