{"cameraMode":{"drawMode":0,"name":"Shaded","section":"Shading Mode"},"sceneLighting":false,"audioPlay":false,"sceneViewState":{"showFog":true,"showMaterialUpdate":false,"showSkybox":false,"showFlares":true,"showImageEffects":true,"showParticleSystems":true},"in2DMode":false,"pivot":{"x":2.169081687927246,"y":0.02471698820590973,"z":-0.8517515063285828},"rotation":{"x":-0.08821505308151245,"y":0.23425208032131196,"z":-0.021425196900963784,"w":-0.9678879976272583},"size":2.6420772075653078,"orthographic":false}