{"cameraMode":{"drawMode":0,"name":"Shaded","section":"Shading Mode"},"sceneLighting":true,"audioPlay":false,"sceneViewState":{"showFog":true,"showMaterialUpdate":false,"showSkybox":true,"showFlares":true,"showImageEffects":true,"showParticleSystems":true},"in2DMode":false,"pivot":{"x":752.392578125,"y":-579.9005126953125,"z":313.9744873046875},"rotation":{"x":0.00447400938719511,"y":-0.9469935894012451,"z":0.3208901882171631,"w":0.013125834986567498},"size":625.928955078125,"orthographic":false}