{"cameraMode":{"drawMode":0,"name":"Shaded","section":"Shading Mode"},"sceneLighting":false,"audioPlay":false,"sceneViewState":{"showFog":true,"showMaterialUpdate":false,"showSkybox":false,"showFlares":true,"showImageEffects":true,"showParticleSystems":true},"in2DMode":false,"pivot":{"x":1.2456178665161133,"y":4.8248748779296879,"z":-0.14886236190795899},"rotation":{"x":-0.2210879921913147,"y":-0.1024342030286789,"z":0.022816695272922517,"w":-0.9697237610816956},"size":6.493438720703125,"orthographic":false}