{"cameraMode":{"drawMode":0,"name":"Shaded","section":"Shading Mode"},"sceneLighting":true,"audioPlay":false,"sceneViewState":{"showFog":true,"showMaterialUpdate":true,"showSkybox":true,"showFlares":true,"showImageEffects":true,"showParticleSystems":true},"in2DMode":false,"pivot":{"x":-81.31941223144531,"y":13.89799976348877,"z":-5.121903896331787},"rotation":{"x":-0.46582287549972536,"y":0.039775025099515918,"z":-0.020963121205568315,"w":-0.883729875087738},"size":5.707395553588867,"orthographic":false}