{"cameraMode":{"drawMode":0,"name":"Shaded","section":"Shading Mode"},"sceneLighting":false,"audioPlay":false,"sceneViewState":{"showFog":true,"showMaterialUpdate":true,"showSkybox":false,"showFlares":true,"showImageEffects":true,"showParticleSystems":true},"in2DMode":false,"pivot":{"x":-1.8741799592971802,"y":4.250838756561279,"z":0.19312936067581178},"rotation":{"x":0.027515722438693048,"y":0.9478042125701904,"z":0.08619451522827149,"w":-0.30589041113853457},"size":1.6628022193908692,"orthographic":false}