{"cameraMode":{"drawMode":0,"name":"Shaded","section":"Shading Mode"},"sceneLighting":false,"audioPlay":false,"sceneViewState":{"showFog":true,"showMaterialUpdate":false,"showSkybox":false,"showFlares":true,"showImageEffects":true,"showParticleSystems":true},"in2DMode":false,"pivot":{"x":-0.13673198223114015,"y":0.38555437326431277,"z":-0.02921295166015625},"rotation":{"x":0.20175588130950929,"y":0.7962232828140259,"z":-0.4338398873806,"w":0.37028077244758608},"size":1.172613263130188,"orthographic":false}