{"cameraMode":{"drawMode":0,"name":"Shaded","section":"Shading Mode"},"sceneLighting":false,"audioPlay":false,"sceneViewState":{"showFog":true,"showMaterialUpdate":false,"showSkybox":false,"showFlares":true,"showImageEffects":true,"showParticleSystems":true},"in2DMode":false,"pivot":{"x":0.026630401611328126,"y":7.638236045837402,"z":-0.039458513259887698},"rotation":{"x":-0.00632350891828537,"y":0.9327483773231506,"z":-0.016538623720407487,"w":-0.35986876487731936},"size":8.436840057373047,"orthographic":false}