{"cameraMode":{"drawMode":0,"name":"Shaded","section":"Shading Mode"},"sceneLighting":true,"audioPlay":false,"sceneViewState":{"showFog":true,"showMaterialUpdate":true,"showSkybox":true,"showFlares":true,"showImageEffects":true,"showParticleSystems":true},"in2DMode":false,"pivot":{"x":-217.4287567138672,"y":10.1746826171875,"z":71.82463073730469},"rotation":{"x":0.21392320096492768,"y":0.09414885938167572,"z":-0.02070046402513981,"w":0.9721391797065735},"size":96.65711975097656,"orthographic":false}