{"cameraMode":{"drawMode":0,"name":"Shaded","section":"Shading Mode"},"sceneLighting":false,"audioPlay":false,"sceneViewState":{"showFog":true,"showMaterialUpdate":false,"showSkybox":false,"showFlares":true,"showImageEffects":true,"showParticleSystems":true},"in2DMode":false,"pivot":{"x":0.07997703552246094,"y":8.10905647277832,"z":-1.2740421295166016},"rotation":{"x":-0.005875798873603344,"y":0.9678859114646912,"z":-0.022964712232351304,"w":-0.2499471753835678},"size":13.433897018432618,"orthographic":false}