{"cameraMode":{"drawMode":0,"name":"Shaded","section":"Shading Mode"},"sceneLighting":true,"audioPlay":false,"sceneViewState":{"showFog":true,"showMaterialUpdate":false,"showSkybox":true,"showFlares":true,"showImageEffects":true,"showParticleSystems":true},"in2DMode":false,"pivot":{"x":-859.1651000976563,"y":23.669004440307618,"z":596.43701171875},"rotation":{"x":-0.20518314838409425,"y":0.715452253818512,"z":-0.23479078710079194,"w":-0.625230610370636},"size":5.207655906677246,"orthographic":false}