{"cameraMode":{"drawMode":0,"name":"Shaded","section":"Shading Mode"},"sceneLighting":true,"audioPlay":false,"sceneViewState":{"showFog":true,"showMaterialUpdate":true,"showSkybox":true,"showFlares":true,"showImageEffects":true,"showParticleSystems":true},"in2DMode":false,"pivot":{"x":-71.77078247070313,"y":173.6141357421875,"z":633.1468505859375},"rotation":{"x":-0.034765057265758517,"y":0.9093663692474365,"z":-0.4073951244354248,"w":-0.07725740969181061},"size":624.6423950195313,"orthographic":false}