{"cameraMode":{"drawMode":0,"name":"Shaded","section":"Shading Mode"},"sceneLighting":false,"audioPlay":false,"sceneViewState":{"showFog":true,"showMaterialUpdate":false,"showSkybox":false,"showFlares":true,"showImageEffects":true,"showParticleSystems":true},"in2DMode":false,"pivot":{"x":0.2831699848175049,"y":5.191319942474365,"z":0.638751745223999},"rotation":{"x":-0.00632350891828537,"y":0.9327483773231506,"z":-0.016538623720407487,"w":-0.35986876487731936},"size":6.972087860107422,"orthographic":false}