{"cameraMode":{"drawMode":0,"name":"Shaded","section":"Shading Mode"},"sceneLighting":false,"audioPlay":false,"sceneViewState":{"showFog":true,"showMaterialUpdate":false,"showSkybox":false,"showFlares":true,"showImageEffects":true,"showParticleSystems":true},"in2DMode":false,"pivot":{"x":13.176176071166993,"y":8.721932411193848,"z":15.696470260620118},"rotation":{"x":-0.19790485501289369,"y":0.3792654275894165,"z":-0.08386245369911194,"w":-0.9001108407974243},"size":18.49110984802246,"orthographic":false}