{"cameraMode":{"drawMode":0,"name":"Shaded","section":"Shading Mode"},"sceneLighting":false,"audioPlay":false,"sceneViewState":{"showFog":true,"showMaterialUpdate":true,"showSkybox":false,"showFlares":true,"showImageEffects":true,"showParticleSystems":true},"in2DMode":false,"pivot":{"x":-895.0599975585938,"y":30.480876922607423,"z":561.489990234375},"rotation":{"x":-0.15500429272651673,"y":0.7467654943466187,"z":-0.18632712960243226,"w":-0.6194149255752564},"size":0.5200232863426209,"orthographic":false}