{"cameraMode":{"drawMode":0,"name":"Shaded","section":"Shading Mode"},"sceneLighting":true,"audioPlay":false,"sceneViewState":{"showFog":false,"showMaterialUpdate":false,"showSkybox":false,"showFlares":false,"showImageEffects":false,"showParticleSystems":false},"in2DMode":false,"pivot":{"x":241.62994384765626,"y":224.22059631347657,"z":-66.893310546875},"rotation":{"x":-0.06330917775630951,"y":0.7778390645980835,"z":-0.6202986240386963,"w":-0.07926823198795319},"size":999.628173828125,"orthographic":false}