{"cameraMode":{"drawMode":0,"name":"Shaded","section":"Shading Mode"},"sceneLighting":false,"audioPlay":false,"sceneViewState":{"showFog":true,"showMaterialUpdate":false,"showSkybox":false,"showFlares":true,"showImageEffects":true,"showParticleSystems":true},"in2DMode":false,"pivot":{"x":-3.413179636001587,"y":1.3654223680496216,"z":-3.685995101928711},"rotation":{"x":0.0006868212367407978,"y":-0.9970529675483704,"z":0.07642386853694916,"w":0.008694186806678772},"size":0.7275263667106628,"orthographic":false}