{"cameraMode":{"drawMode":0,"name":"Shaded","section":"Shading Mode"},"sceneLighting":true,"audioPlay":false,"sceneViewState":{"showFog":true,"showMaterialUpdate":true,"showSkybox":true,"showFlares":true,"showImageEffects":true,"showParticleSystems":true},"in2DMode":false,"pivot":{"x":-894.043701171875,"y":31.7998104095459,"z":561.8195190429688},"rotation":{"x":-0.022215135395526887,"y":0.7413681745529175,"z":-0.02399289608001709,"w":-0.6703606247901917},"size":0.5797103643417358,"orthographic":false}