{"cameraMode":{"drawMode":0,"name":"Shaded","section":"Shading Mode"},"sceneLighting":false,"audioPlay":false,"sceneViewState":{"showFog":true,"showMaterialUpdate":false,"showSkybox":false,"showFlares":true,"showImageEffects":true,"showParticleSystems":true},"in2DMode":false,"pivot":{"x":-7.152557373046875e-7,"y":4.297691345214844,"z":-7.152557373046875e-7},"rotation":{"x":0.024523433297872545,"y":0.9246345162391663,"z":-0.06026262417435646,"w":0.37545570731163027},"size":5.6106157302856449,"orthographic":false}