{"cameraMode":{"drawMode":0,"name":"Shaded","section":"Shading Mode"},"sceneLighting":false,"audioPlay":false,"sceneViewState":{"showFog":false,"showMaterialUpdate":false,"showSkybox":false,"showFlares":false,"showImageEffects":false,"showParticleSystems":false},"in2DMode":false,"pivot":{"x":6.6859846115112309,"y":1.511142373085022,"z":-0.03696495667099953},"rotation":{"x":0.0232643224298954,"y":-0.715131938457489,"z":-0.02340022288262844,"w":-0.6982690691947937},"size":1.0628023147583008,"orthographic":false}