{"cameraMode":{"drawMode":0,"name":"Shaded","section":"Shading Mode"},"sceneLighting":true,"audioPlay":false,"sceneViewState":{"showFog":true,"showMaterialUpdate":true,"showSkybox":true,"showFlares":true,"showImageEffects":true,"showParticleSystems":true},"in2DMode":false,"pivot":{"x":-81.57649230957031,"y":13.416780471801758,"z":-5.485280990600586},"rotation":{"x":-0.11734610795974732,"y":-0.6425235867500305,"z":0.10046544671058655,"w":-0.750527560710907},"size":6.307395935058594,"orthographic":false}