{"cameraMode":{"drawMode":0,"name":"Shaded","section":"Shading Mode"},"sceneLighting":true,"audioPlay":false,"sceneViewState":{"showFog":true,"showMaterialUpdate":false,"showSkybox":true,"showFlares":true,"showImageEffects":true,"showParticleSystems":true},"in2DMode":false,"pivot":{"x":-824.6799926757813,"y":15.420000076293946,"z":868.8499755859375},"rotation":{"x":0.08725985139608383,"y":-0.8384652137756348,"z":0.14090265333652497,"w":0.5191636681556702},"size":1.7320460081100464,"orthographic":false}