{"cameraMode":{"drawMode":0,"name":"Shaded","section":"Shading Mode"},"sceneLighting":false,"audioPlay":false,"sceneViewState":{"showFog":false,"showMaterialUpdate":false,"showSkybox":false,"showFlares":false,"showImageEffects":false,"showParticleSystems":false},"in2DMode":false,"pivot":{"x":0.4552955627441406,"y":-0.607837438583374,"z":-0.8065513968467712},"rotation":{"x":-0.12380111217498779,"y":-0.8455235362052918,"z":0.22377249598503114,"w":-0.46878015995025637},"size":1.104017972946167,"orthographic":false}