{"cameraMode":{"drawMode":0,"name":"Shaded","section":"Shading Mode"},"sceneLighting":true,"audioPlay":false,"sceneViewState":{"showFog":true,"showMaterialUpdate":false,"showSkybox":true,"showFlares":true,"showImageEffects":true,"showParticleSystems":true},"in2DMode":false,"pivot":{"x":92.4000015258789,"y":7.938454627990723,"z":187.60000610351563},"rotation":{"x":0.35729989409446719,"y":-0.2496199607849121,"z":0.1001400575041771,"w":0.8945763111114502},"size":122.49800872802735,"orthographic":false}