{"cameraMode":{"drawMode":0,"name":"Shaded","section":"Shading Mode"},"sceneLighting":false,"audioPlay":false,"sceneViewState":{"showFog":true,"showMaterialUpdate":false,"showSkybox":false,"showFlares":true,"showImageEffects":true,"showParticleSystems":true},"in2DMode":false,"pivot":{"x":6.221299648284912,"y":0.5568416118621826,"z":-4.17839241027832},"rotation":{"x":0.29925575852394106,"y":-0.6078402400016785,"z":0.26511794328689577,"w":0.6860399842262268},"size":8.687580108642579,"orthographic":false}