{"cameraMode":{"drawMode":0,"name":"Shaded","section":"Shading Mode"},"sceneLighting":false,"audioPlay":false,"sceneViewState":{"showFog":true,"showMaterialUpdate":false,"showSkybox":false,"showFlares":true,"showImageEffects":true,"showParticleSystems":true},"in2DMode":false,"pivot":{"x":0.0,"y":2.081939220428467,"z":-0.09596371650695801},"rotation":{"x":-0.19252602756023408,"y":-0.41680869460105898,"z":0.09080743789672852,"w":-0.8837104439735413},"size":5.407395362854004,"orthographic":false}