{"cameraMode":{"drawMode":0,"name":"Shaded","section":"Shading Mode"},"sceneLighting":true,"audioPlay":false,"sceneViewState":{"showFog":true,"showMaterialUpdate":false,"showSkybox":true,"showFlares":true,"showImageEffects":true,"showParticleSystems":true},"in2DMode":false,"pivot":{"x":4.250688552856445,"y":3.6852755546569826,"z":3.668459892272949},"rotation":{"x":0.015656279399991037,"y":-0.9828481674194336,"z":0.15428774058818818,"w":0.09972712397575379},"size":3.3841869831085207,"orthographic":false}